host,scene,resolution,engine,target_fps,fps,gpu_watts,package_watts,components_watts,gpu_joules_per_frame,components_joules_per_frame
5090,3669681034,3840x2160,periodica,60,59.9885337898597,32.647499999999994,64.0863187585,96.7338187585,0.5442290040687515,1.612538474391778
5090,3669681034,3840x2160,official,60,59.98674247888414,26.542499999999997,47.755031301399995,74.2975313014,0.44247276820112696,1.2385658602407588
5090,3669681034,3840x2160,periodica_free,0,112.88985570574617,39.847,89.9878976064,129.8348976064,0.3529723707315516,1.1501024320982574
5090,3258032485,3840x2160,official,60,60.011971236111904,23.311500000000002,70.90103647354998,94.21253647354999,0.3884474967216612,1.5698957146879733
5090,3258032485,3840x2160,periodica,60,59.96792008774771,25.146499999999996,77.17445739725,102.32095739725,0.41933253584924285,1.7062615686441926
5090,3258032485,3840x2160,periodica_free,0,114.24270716784432,30.63350000000001,81.99601064645,112.62951064645002,0.26814403089199873,0.9858792166135891
5090,3650475846,3840x2160,official,60,59.99116347187922,34.253499999999995,57.28527317165,91.53877317164999,0.5709757573889408,1.5258709428857582
5090,3650475846,3840x2160,periodica,60,60.008348880180385,38.3575,75.76893254445001,114.12643254445001,0.639202722884261,1.9018425714783131
5090,3650475846,3840x2160,periodica_free,0,112.28033862532526,54.81949999999999,78.8896104518,133.70911045179997,0.4882377508935945,1.1908506163129915
B390,3669681034,3072x1920,official,60,60.006057959375916,12.30213236765,23.200857778099994,23.200857778099994,0.20501483993463693,0.38664192528372665
B390,3669681034,3072x1920,periodica,60,59.98023185899789,6.8898119612,20.730116604699997,20.730116604699997,0.11486804481510904,0.3456158131137698
B390,3669681034,3072x1920,periodica_free,0,103.10572035308088,20.462045266999997,38.087055845150005,38.087055845150005,0.1984569352401462,0.3693980868832748
B390,3258032485,3072x1920,official,60,60.004026425312794,4.10619862805,13.80708189065,13.80708189065,0.06843205152509221,0.23010258999595168
B390,3258032485,3072x1920,periodica,60,60.05521157882525,2.9230059053,15.630887126149995,15.630887126149995,0.04867197747631643,0.26027528194840727
B390,3258032485,3072x1920,periodica_free,0,122.33903473683509,9.67046154715,26.871192132099992,26.871192132099992,0.0790464103951142,0.21964528484226578
B390,3650475846,3072x1920,official,60,59.993943769255274,22.340694399349996,34.35605063129999,34.35605063129999,0.3723824938943053,0.5726586464033429
B390,3650475846,3072x1920,periodica,60,59.2977888955726,20.952062647699996,36.43013639669999,36.43013639669999,0.353336322280043,0.6143591030157283
B390,3650475846,3072x1920,periodica_free,0,61.651319010695744,22.391334369849996,38.55158547410001,38.55158547410001,0.3631931113422793,0.6253164748577688
