host,scene,resolution,mode,fps,gpu_watts,package_watts,components_watts,gpu_joules_per_frame,components_joules_per_frame,gpu_incremental_joules_per_frame,components_incremental_joules_per_frame,p95_interval_ms
5090,3258032485,1080p,free,548.8313861342506,53.01350245145869,59.60089852222469,112.61440097368339,0.09659342339158965,0.20518943307323279,0.06607858691701644,0.09101556770728214,2.0525455474853516
5090,3258032485,1080p,fixed,59.97609291487166,23.794094918227113,56.55367380968393,80.34776872791105,0.3967263248041143,1.3396632695289832,0.11749006271930465,0.2948769597898522,17.95363426208496
5090,3258032485,4k,free,110.74035415053618,30.186278169145698,72.9206929289632,103.1069710981089,0.2725860721748427,0.9310695445126467,0.12135393888010816,0.3652216088638279,10.205745697021484
5090,3258032485,4k,fixed,59.99062699493051,23.533351290566124,50.388592263549775,73.9219435541159,0.39228380281064246,1.2322248867371006,0.11311519199723587,0.18769170000452573,17.97199249267578
5090,3669681034,1080p,fixed,59.976030478618185,26.418060029539504,47.40320570982527,73.82126573936478,0.44047696752718074,1.2308461422048014,0.16124041475180853,0.18605874482211776,17.833709716796875
5090,3669681034,1080p,free,469.8964456686775,86.3176474045786,70.09674336714369,156.41439077172228,0.18369504217412386,0.33286991679441136,0.14805421076462513,0.19951670383292633,3.164052963256836
5090,3669681034,4k,fixed,60.0198152605992,30.301918954952082,69.06349684841881,99.3654158033709,0.5048652486413795,1.6555435129538068,0.22583240045142325,0.6115182936653456,18.121719360351562
5090,3669681034,4k,free,105.97543261083685,39.26386215204066,75.74329967284329,115.00716182488395,0.37049966378741267,1.08522474493889,0.21246775405697357,0.49393486533813175,13.167142868041992
5090,3650475846,1080p,free,385.98228128785394,103.83742079918703,69.9269715153375,173.7643923145245,0.26902121116214717,0.4501874846035647,0.22563191374641883,0.2878427246834366,2.962350845336914
5090,3650475846,1080p,fixed,59.96985907446163,32.409398465886774,53.767920840321146,86.17731930620792,0.5404281244957674,1.4370105355626361,0.26116283592462947,0.3921156207472549,17.865657806396484
5090,3650475846,4k,free,112.22465815096598,51.4681041828958,69.41139029382065,120.87949447671643,0.45861671606662663,1.077120629889626,0.3093848068237305,0.5187567032666014,9.3994140625
5090,3650475846,4k,fixed,59.97494521649298,35.65372409789593,68.48337905331341,104.13710315120935,0.5944769764973663,1.7363434476730772,0.3152353708644449,0.6915371445925695,18.11671257019043
B390,3258032485,1080p,free,227.30588780580786,18.379201982458408,34.10422184441014,34.10422184441014,0.08085669121848767,0.15003668481102472,0.08036957706157417,0.10999772117856813,5.77235221862793
B390,3258032485,1080p,fixed,60.0229449781993,2.309452627727145,13.589869051951197,13.589869051951197,0.03847616321668243,0.2264112341853123,0.036631470059087186,0.07478434918982314,19.08397674560547
B390,3258032485,4k,free,87.59276651440848,4.989375354712125,21.047719529242368,21.047719529242368,0.05696104316891742,0.24029061264756543,0.0556969671463638,0.13638828671973982,13.074874877929688
B390,3258032485,4k,fixed,60.0198152605992,3.078581636149741,22.10141015010061,22.10141015010061,0.05129275428094689,0.36823522455273816,0.04944796493230846,0.2166004330129093,19.10233497619629
B390,3669681034,1080p,fixed,60.00520379099311,6.048743582311842,17.765526384193766,17.765526384193766,0.10080365035306771,0.29606642860632043,0.09895841179199777,0.1443947134830715,19.082069396972656
B390,3669681034,1080p,free,135.33834621509882,24.360117245242485,40.006313637175936,40.006313637175936,0.1799941991793364,0.2956022055537183,0.17917607246952702,0.22835524687701586,8.677482604980469
B390,3669681034,4k,fixed,60.02501069541875,7.720122992391406,23.744965583689783,23.744965583689783,0.12861510398665577,0.3955845289920466,0.12677047431283794,0.24396286212586113,18.977880477905273
B390,3669681034,4k,free,77.68820019621917,13.373756956287073,32.81837451551636,32.81837451551636,0.17214656694978925,0.4224370552107799,0.1707213322858333,0.3052880911169648,14.376640319824219
B390,3650475846,1080p,free,75.59564154280599,24.071073514304164,37.12989394719483,37.12989394719483,0.31841880064836714,0.49116447971633453,0.3169541141447504,0.3707727218112639,14.777421951293945
B390,3650475846,1080p,fixed,59.98125557757769,16.98060098483418,29.43069594298606,29.43069594298606,0.28309845836541475,0.4906648862146843,0.2812524830714032,0.3389326143963834,18.097400665283203
B390,3650475846,4k,free,54.608931313285716,21.277717030672683,36.16799746097929,36.16799746097929,0.38963804123183904,0.6623091972536008,0.38761046234982816,0.49564978905006013,20.99752426147461
B390,3650475846,4k,fixed,54.50668331533589,21.32935381299269,36.69250490302295,36.69250490302295,0.3913163031695877,0.6731744195614856,0.38928492079287197,0.5062023783046782,21.370410919189453
