GPU,Workshop ID,Wallpaper,Resolution,Renderer,Status,FPS,Mean ms,Median ms,P95 ms,Visual status,Periodica speedup
5090,3441873795,Swimming Kirby,1080p,Periodica Wallpaper Engine Renderer,complete,587.440809219296,1.7022991666666667,1.65805,2.0165,comparable,
5090,3441873795,Swimming Kirby,1080p,WebWallGL 2.1.0,complete,414.9377593318236,2.4100000000248354,2.300000011920929,2.7999999970197678,comparable,1.4157323502330927
5090,3441873795,Swimming Kirby,1080p,Almamu,complete,265.64115426810525,3.7644769416666666,2.866251,6.595439,mismatch,
5090,3441873795,Swimming Kirby,1080p,Portghost,timeout,,,,,not_rendered,
5090,3441873795,Swimming Kirby,1080p,Mac renderer (Linux build),complete,340.19355176049993,2.9395031,2.9054425,3.240777,mismatch,
5090,3441873795,Swimming Kirby,1080p,AnisPaper,complete,238.26294353364207,4.197043758333334,4.1113385000000005,4.605977,mismatch,
5090,3441873795,Swimming Kirby,4k,Periodica Wallpaper Engine Renderer,complete,246.48329952404072,4.05707,3.8939500000000002,4.7672,comparable,
5090,3441873795,Swimming Kirby,4k,WebWallGL 2.1.0,complete,196.68906740635884,5.084166665623585,5,5.5,comparable,1.2531621750730415
5090,3441873795,Swimming Kirby,4k,Almamu,complete,121.59939920817371,8.223724841666666,6.540018,14.720331,mismatch,
5090,3441873795,Swimming Kirby,4k,Portghost,timeout,,,,,not_rendered,
5090,3441873795,Swimming Kirby,4k,Mac renderer (Linux build),complete,151.16730828580896,6.615186916666667,5.977861,12.882676,mismatch,
5090,3441873795,Swimming Kirby,4k,AnisPaper,complete,89.49611232095022,11.173669716666666,11.048603,12.02947,mismatch,
5090,3669681034,Atri,1080p,Periodica Wallpaper Engine Renderer,complete,782.5966164435289,1.2777975,1.23695,1.5192,comparable,
5090,3669681034,Atri,1080p,WebWallGL 2.1.0,complete,568.9900426581723,1.7575000000496706,1.7000000029802322,2,comparable,1.375413553438374
5090,3669681034,Atri,1080p,Almamu,complete,343.70696717165396,2.909455133333333,2.964333,3.212982,comparable,2.2769297430409225
5090,3669681034,Atri,1080p,Portghost,complete,467.1844230248433,2.140482325,2.1144795,2.339535,comparable,1.675134225102178
5090,3669681034,Atri,1080p,Mac renderer (Linux build),complete,363.91242760394397,2.74791385,2.810026,3.134855,comparable,2.150508081288311
5090,3669681034,Atri,1080p,AnisPaper,complete,261.91389677551643,3.81804865,3.7522205,4.198464,comparable,2.9879919549067835
5090,3669681034,Atri,4k,Periodica Wallpaper Engine Renderer,complete,312.34642967207793,3.201573333333333,3.10745,3.4015,comparable,
5090,3669681034,Atri,4k,WebWallGL 2.1.0,complete,241.59452385600963,4.139166666691502,4.0999999940395355,4.600000001490116,comparable,1.2928539301587665
5090,3669681034,Atri,4k,Almamu,complete,166.21589677284732,6.016271725,5.9653865,6.653536,comparable,1.8791609932408233
5090,3669681034,Atri,4k,Portghost,complete,92.55756141246263,10.804087583333333,10.2134345,16.281851,comparable,3.3746181825185952
5090,3669681034,Atri,4k,Mac renderer (Linux build),complete,161.96234724455422,6.174274558333333,6.13491,6.761053,comparable,1.9285126141105626
5090,3669681034,Atri,4k,AnisPaper,complete,98.56163745836345,10.145935333333334,10.0677045,10.749523,comparable,3.1690466770504506
5090,3258032485,Ayanami Rei,1080p,Periodica Wallpaper Engine Renderer,complete,1012.3831330220818,0.9877683333333334,0.95375,1.1632,comparable,
5090,3258032485,Ayanami Rei,1080p,WebWallGL 2.1.0,complete,731.2614261855491,1.3674999995778003,1.3000000044703484,1.6000000014901161,comparable,1.384433933980269
5090,3258032485,Ayanami Rei,1080p,Almamu,complete,502.87059699234186,1.9885831583333333,1.9649595,2.166471,comparable,2.0132080481084467
5090,3258032485,Ayanami Rei,1080p,Portghost,complete,449.5666419213948,2.224364325,2.208993,2.485368,comparable,2.251908924326048
5090,3258032485,Ayanami Rei,1080p,Mac renderer (Linux build),complete,480.1154293515247,2.0828324583333333,2.0621615,2.355439,comparable,2.1086244497275843
5090,3258032485,Ayanami Rei,1080p,AnisPaper,complete,306.6308711238932,3.2612502333333335,3.1956170000000004,3.569092,comparable,3.3016347287909955
5090,3258032485,Ayanami Rei,4k,Periodica Wallpaper Engine Renderer,complete,342.698913872909,2.918013333333333,2.80945,3.1504,comparable,
5090,3258032485,Ayanami Rei,4k,WebWallGL 2.1.0,complete,238.71096082081596,4.189166666505238,4.0999999940395355,4.700000002980232,comparable,1.4356228666439397
5090,3258032485,Ayanami Rei,4k,Almamu,complete,199.56320039085384,5.010943891666667,4.974781500000001,5.464024,comparable,1.7172450291522543
5090,3258032485,Ayanami Rei,4k,Portghost,complete,139.42519370586155,7.1723049,5.4539089999999995,11.208266,comparable,2.4579410991953434
5090,3258032485,Ayanami Rei,4k,Mac renderer (Linux build),complete,207.8652248166945,4.8108095083333335,4.7829295,5.351027,comparable,1.6486591933552968
5090,3258032485,Ayanami Rei,4k,AnisPaper,complete,95.41166920684599,10.480898283333334,10.416826,11.044904,comparable,3.5917924581107696
5090,3650475846,Nijika,1080p,Periodica Wallpaper Engine Renderer,complete,430.8294364212435,2.3211041666666667,2.25375,2.6002,comparable,
5090,3650475846,Nijika,1080p,WebWallGL 2.1.0,complete,318.8097768154865,3.1366666668405134,3.0999999940395355,3.5,comparable,1.3513683323161987
5090,3650475846,Nijika,1080p,Almamu,complete,284.43859689256095,3.515697275,3.4700689999999996,3.924611,comparable,1.5146658756159515
5090,3650475846,Nijika,1080p,Portghost,timeout,,,,,not_rendered,
5090,3650475846,Nijika,1080p,Mac renderer (Linux build),complete,297.45848053458724,3.3618137166666666,3.333368,3.619357,comparable,1.448368308904706
5090,3650475846,Nijika,1080p,AnisPaper,complete,213.15947061639417,4.691323341666667,4.638554,4.995304,comparable,2.021160191360075
5090,3650475846,Nijika,4k,Periodica Wallpaper Engine Renderer,complete,229.67175313042597,4.35404,4.239850000000001,4.5709,comparable,
5090,3650475846,Nijika,4k,WebWallGL 2.1.0,complete,172.3890245558413,5.8008333336561915,5.700000002980232,6.300000011920929,comparable,1.3322875613582308
5090,3650475846,Nijika,4k,Almamu,complete,157.23044730505677,6.3600913,6.238478000000001,7.040371,comparable,1.46073331894057
5090,3650475846,Nijika,4k,Portghost,timeout,,,,,not_rendered,
5090,3650475846,Nijika,4k,Mac renderer (Linux build),complete,150.0302901778976,6.665320708333334,6.5712435,7.494945,comparable,1.5308358922594494
5090,3650475846,Nijika,4k,AnisPaper,complete,87.62762143378455,11.411926783333334,11.345340499999999,11.983276,comparable,2.6209972309242295
5090,3426865175,Frieren — Pagoda of flowers,1080p,Periodica Wallpaper Engine Renderer,complete,594.7987820503606,1.6812408333333333,1.6382,1.9468,startup,
5090,3426865175,Frieren — Pagoda of flowers,1080p,WebWallGL 2.1.0,complete,441.8262150802685,2.2633333330353103,2.2000000029802322,2.5999999940395355,startup,
5090,3426865175,Frieren — Pagoda of flowers,1080p,Almamu,complete,342.7478758136131,2.9175964916666666,2.6911300000000002,3.140496,startup,
5090,3426865175,Frieren — Pagoda of flowers,1080p,Portghost,complete,319.34988963627086,3.1313616583333332,2.92999,3.566893,startup,
5090,3426865175,Frieren — Pagoda of flowers,1080p,Mac renderer (Linux build),complete,326.79921096182375,3.059982908333333,2.8475655,3.167641,startup,
5090,3426865175,Frieren — Pagoda of flowers,1080p,AnisPaper,complete,250.0079757752772,3.9998723916666665,3.778874,4.200785,startup,
5090,3426865175,Frieren — Pagoda of flowers,4k,Periodica Wallpaper Engine Renderer,complete,245.69833404244602,4.070031666666667,3.9436,4.3047,startup,
5090,3426865175,Frieren — Pagoda of flowers,4k,WebWallGL 2.1.0,complete,194.96344436362367,5.129166666418314,5.0999999940395355,5.700000002980232,startup,
5090,3426865175,Frieren — Pagoda of flowers,4k,Almamu,complete,164.70229894762917,6.071560666666667,5.7757784999999995,7.013598,startup,
5090,3426865175,Frieren — Pagoda of flowers,4k,Portghost,complete,142.5251380137423,7.016306133333334,5.8354865,12.602054,startup,
5090,3426865175,Frieren — Pagoda of flowers,4k,Mac renderer (Linux build),complete,169.89331784125247,5.886046683333333,5.683135,6.433181,startup,
5090,3426865175,Frieren — Pagoda of flowers,4k,AnisPaper,complete,92.04340461070525,10.864439491666667,10.535948999999999,11.679195,startup,
5090,3448877775,Alone,1080p,Periodica Wallpaper Engine Renderer,complete,425.91342457818604,2.347895,2.2916999999999996,2.5382,comparable,
5090,3448877775,Alone,1080p,WebWallGL 2.1.0,complete,400.53404528229913,2.4966666673620543,2.4000000059604645,3,mismatch,
5090,3448877775,Alone,1080p,Almamu,complete,298.404563588523,3.3511551833333333,3.2179945,4.143754,mismatch,
5090,3448877775,Alone,1080p,Portghost,timeout,,,,,not_rendered,
5090,3448877775,Alone,1080p,Mac renderer (Linux build),complete,303.9160648664266,3.290382166666667,3.195713,3.768355,mismatch,
5090,3448877775,Alone,1080p,AnisPaper,complete,211.01190935214646,4.739069008333334,4.69665,5.28969,mismatch,
5090,3448877775,Alone,4k,Periodica Wallpaper Engine Renderer,complete,206.53643053069706,4.841760833333334,4.6805,5.2615,comparable,
5090,3448877775,Alone,4k,WebWallGL 2.1.0,complete,172.4633515459238,5.798333333060145,5.600000001490116,6.700000002980232,mismatch,
5090,3448877775,Alone,4k,Almamu,complete,153.7160749679344,6.505500483333333,6.4584265,7.408753,mismatch,
5090,3448877775,Alone,4k,Portghost,timeout,,,,,not_rendered,
5090,3448877775,Alone,4k,Mac renderer (Linux build),complete,152.46331703370032,6.558954766666667,6.477316999999999,7.558677,mismatch,
5090,3448877775,Alone,4k,AnisPaper,complete,71.88153338182993,13.911778908333334,13.417275,18.000904,mismatch,
5090,3713073223,Lost Landscape 3,1080p,Periodica Wallpaper Engine Renderer,complete,541.8972364144105,1.8453683333333333,1.7583,2.1765,comparable,
5090,3713073223,Lost Landscape 3,1080p,WebWallGL 2.1.0,complete,447.76119402985074,2.2333333333333334,2.1000000089406967,2.7999999970197678,comparable,1.2102371613255167
5090,3713073223,Lost Landscape 3,1080p,Almamu,complete,341.51579274468656,2.9281222749999998,2.743355,3.577024,mismatch,
5090,3713073223,Lost Landscape 3,1080p,Portghost,timeout,,,,,not_rendered,
5090,3713073223,Lost Landscape 3,1080p,Mac renderer (Linux build),complete,346.0486726455341,2.8897669,2.7639255,3.139161,mismatch,
5090,3713073223,Lost Landscape 3,1080p,AnisPaper,complete,236.44144139644303,4.229377025,4.057145,4.621948,mismatch,
5090,3713073223,Lost Landscape 3,4k,Periodica Wallpaper Engine Renderer,complete,244.14141973118402,4.095986666666667,3.942,4.9633,comparable,
5090,3713073223,Lost Landscape 3,4k,WebWallGL 2.1.0,complete,183.65472912435263,5.444999999552965,5,6.700000002980232,comparable,1.3293500303271573
5090,3713073223,Lost Landscape 3,4k,Almamu,complete,159.31152526006636,6.277009766666667,6.097438,6.97737,mismatch,
5090,3713073223,Lost Landscape 3,4k,Portghost,timeout,,,,,not_rendered,
5090,3713073223,Lost Landscape 3,4k,Mac renderer (Linux build),complete,162.94970026556865,6.136863083333333,5.900112999999999,7.025003,mismatch,
5090,3713073223,Lost Landscape 3,4k,AnisPaper,complete,89.00343994216051,11.235520791666668,11.0155305,12.333375,mismatch,
5090,3589454154,Saturn,1080p,Periodica Wallpaper Engine Renderer,complete,191.4543703608213,5.223176666666666,5.659599999999999,7.1089,mismatch,
5090,3589454154,Saturn,1080p,WebWallGL 2.1.0,complete,458.19014879709323,2.182500000546376,2.2000000029802322,2.5999999940395355,mismatch,
5090,3589454154,Saturn,1080p,Almamu,failed,,,,,not_rendered,
5090,3589454154,Saturn,1080p,Portghost,timeout,,,,,not_rendered,
5090,3589454154,Saturn,1080p,Mac renderer (Linux build),failed,,,,,not_rendered,
5090,3589454154,Saturn,1080p,AnisPaper,failed,,,,,not_rendered,
5090,3589454154,Saturn,4k,Periodica Wallpaper Engine Renderer,complete,138.33259652012825,7.228954166666667,7.61735,8.9735,mismatch,
5090,3589454154,Saturn,4k,WebWallGL 2.1.0,complete,202.05421789497925,4.9491666663438085,4.9000000059604645,5.5,mismatch,
5090,3589454154,Saturn,4k,Almamu,failed,,,,,not_rendered,
5090,3589454154,Saturn,4k,Portghost,timeout,,,,,not_rendered,
5090,3589454154,Saturn,4k,Mac renderer (Linux build),failed,,,,,not_rendered,
5090,3589454154,Saturn,4k,AnisPaper,failed,,,,,not_rendered,
5090,3662790108,Live Solar System,1080p,Periodica Wallpaper Engine Renderer,complete,163.6035759924295,6.112335833333334,6.0259,6.5786,mismatch,
5090,3662790108,Live Solar System,1080p,WebWallGL 2.1.0,complete,183.43014371953518,5.451666665698091,5.299999997019768,6.300000011920929,mismatch,
5090,3662790108,Live Solar System,1080p,Almamu,failed,,,,,not_rendered,
5090,3662790108,Live Solar System,1080p,Portghost,timeout,,,,,not_rendered,
5090,3662790108,Live Solar System,1080p,Mac renderer (Linux build),failed,,,,,not_rendered,
5090,3662790108,Live Solar System,1080p,AnisPaper,failed,,,,,not_rendered,
5090,3662790108,Live Solar System,4k,Periodica Wallpaper Engine Renderer,complete,119.76295318675746,8.3498275,8.258,8.7928,mismatch,
5090,3662790108,Live Solar System,4k,WebWallGL 2.1.0,complete,120.10809729185806,8.32583333303531,8.200000002980232,8.900000005960464,mismatch,
5090,3662790108,Live Solar System,4k,Almamu,failed,,,,,not_rendered,
5090,3662790108,Live Solar System,4k,Portghost,timeout,,,,,not_rendered,
5090,3662790108,Live Solar System,4k,Mac renderer (Linux build),failed,,,,,not_rendered,
5090,3662790108,Live Solar System,4k,AnisPaper,failed,,,,,not_rendered,
5090,3200802205,Dresden by Moonlight,1080p,Periodica Wallpaper Engine Renderer,complete,975.8406257090093,1.0247575,0.9780500000000001,1.2787,comparable,
5090,3200802205,Dresden by Moonlight,1080p,WebWallGL 2.1.0,complete,638.6375736127802,1.5658333322654168,1.5,1.7000000029802322,comparable,1.5280037787139071
5090,3200802205,Dresden by Moonlight,1080p,Almamu,complete,394.821176687856,2.5327922083333334,2.4801085,2.882072,comparable,2.4716015333709036
5090,3200802205,Dresden by Moonlight,1080p,Portghost,complete,430.1140417990704,2.3249647833333333,2.3068665,2.601763,comparable,2.2687950889194113
5090,3200802205,Dresden by Moonlight,1080p,Mac renderer (Linux build),complete,418.5017547203135,2.389476241666667,2.368768,2.706788,comparable,2.331747990784812
5090,3200802205,Dresden by Moonlight,1080p,AnisPaper,complete,284.5391566118077,3.5144547833333335,3.4488465,3.851561,comparable,3.4295477547940205
5090,3200802205,Dresden by Moonlight,4k,Periodica Wallpaper Engine Renderer,complete,299.83868678650884,3.3351266666666666,3.20815,3.553,comparable,
5090,3200802205,Dresden by Moonlight,4k,WebWallGL 2.1.0,complete,210.37868160274633,4.753333333879709,4.299999997019768,5.600000008940697,comparable,1.42523322468903
5090,3200802205,Dresden by Moonlight,4k,Almamu,complete,179.1663242225874,5.581406016666667,5.5066245,6.324741,comparable,1.6735214504596525
5090,3200802205,Dresden by Moonlight,4k,Portghost,complete,185.0641018558765,5.4035331,5.291297,6.568647,comparable,1.620188268711433
5090,3200802205,Dresden by Moonlight,4k,Mac renderer (Linux build),complete,185.60397994326271,5.3878155,5.310014,6.092263,comparable,1.6154755241679977
5090,3200802205,Dresden by Moonlight,4k,AnisPaper,complete,94.10666160071686,10.6262403,10.5370855,11.433899,comparable,3.186157937029878
5090,3572340969,DELTARUNE — Door,1080p,Periodica Wallpaper Engine Renderer,complete,1170.0342527527494,0.8546758333333333,0.82025,1.0496,comparable,
5090,3572340969,DELTARUNE — Door,1080p,WebWallGL 2.1.0,complete,715.5635060577177,1.3975000003973643,1.300000011920929,1.9000000059604645,comparable,1.6351228686868973
5090,3572340969,DELTARUNE — Door,1080p,Almamu,timeout,,,,,not_rendered,
5090,3572340969,DELTARUNE — Door,1080p,Portghost,timeout,,,,,not_rendered,
5090,3572340969,DELTARUNE — Door,1080p,Mac renderer (Linux build),timeout,,,,,not_rendered,
5090,3572340969,DELTARUNE — Door,1080p,AnisPaper,timeout,,,,,not_rendered,
5090,3572340969,DELTARUNE — Door,4k,Periodica Wallpaper Engine Renderer,complete,343.06023451597633,2.91494,2.7724,4.38,comparable,
5090,3572340969,DELTARUNE — Door,4k,WebWallGL 2.1.0,complete,203.14880650998626,4.922499999776482,4,7,comparable,1.6887140043282134
5090,3572340969,DELTARUNE — Door,4k,Almamu,timeout,,,,,not_rendered,
5090,3572340969,DELTARUNE — Door,4k,Portghost,timeout,,,,,not_rendered,
5090,3572340969,DELTARUNE — Door,4k,Mac renderer (Linux build),timeout,,,,,not_rendered,
5090,3572340969,DELTARUNE — Door,4k,AnisPaper,timeout,,,,,not_rendered,
5090,3691570025,Cyberpunk 2077 — Night City,1080p,Periodica Wallpaper Engine Renderer,complete,534.8926047085704,1.8695341666666667,1.8056,2.2194,comparable,
5090,3691570025,Cyberpunk 2077 — Night City,1080p,WebWallGL 2.1.0,complete,479.2332268541721,2.0866666665921607,2.0999999940395355,2.4000000059604645,comparable,1.116142568452031
5090,3691570025,Cyberpunk 2077 — Night City,1080p,Almamu,failed,,,,,not_rendered,
5090,3691570025,Cyberpunk 2077 — Night City,1080p,Portghost,timeout,,,,,not_rendered,
5090,3691570025,Cyberpunk 2077 — Night City,1080p,Mac renderer (Linux build),failed,,,,,not_rendered,
5090,3691570025,Cyberpunk 2077 — Night City,1080p,AnisPaper,complete,223.95092972360663,4.465263891666667,4.4509194999999995,4.863947,mismatch,
5090,3691570025,Cyberpunk 2077 — Night City,4k,Periodica Wallpaper Engine Renderer,complete,239.47559633913656,4.175790833333333,4.0558,4.5899,comparable,
5090,3691570025,Cyberpunk 2077 — Night City,4k,WebWallGL 2.1.0,complete,193.7046004889208,5.162499999875823,4.799999997019768,6.800000011920929,comparable,1.2362927660710552
5090,3691570025,Cyberpunk 2077 — Night City,4k,Almamu,failed,,,,,not_rendered,
5090,3691570025,Cyberpunk 2077 — Night City,4k,Portghost,timeout,,,,,not_rendered,
5090,3691570025,Cyberpunk 2077 — Night City,4k,Mac renderer (Linux build),failed,,,,,not_rendered,
5090,3691570025,Cyberpunk 2077 — Night City,4k,AnisPaper,complete,87.55671853999236,11.421168091666667,11.227819,12.189507,mismatch,
B390,3441873795,Swimming Kirby,1080p,Periodica Wallpaper Engine Renderer,complete,238.02718310102213,4.201200833333333,4.120150000000001,4.6731,comparable,
B390,3441873795,Swimming Kirby,1080p,WebWallGL 2.1.0,complete,117.15317778199245,8.535833333184321,8.25,10.600000008940697,comparable,2.0317603637176727
B390,3441873795,Swimming Kirby,1080p,Almamu,complete,83.15315545921739,12.026001833333334,11.981208500000001,13.139953,mismatch,
B390,3441873795,Swimming Kirby,1080p,Portghost,timeout,,,,,not_rendered,
B390,3441873795,Swimming Kirby,1080p,Mac renderer (Linux build),complete,97.69778658605824,10.235646425,10.3190125,12.050308,mismatch,
B390,3441873795,Swimming Kirby,1080p,AnisPaper,complete,145.663835253037,6.865122,6.7948875,7.532126,mismatch,
B390,3441873795,Swimming Kirby,4k,Periodica Wallpaper Engine Renderer,complete,126.54460876730577,7.902351666666666,7.7052499999999995,8.7303,comparable,
B390,3441873795,Swimming Kirby,4k,WebWallGL 2.1.0,complete,61.10913072437758,16.364166666194798,15.799999997019768,17.700000002980232,comparable,2.0707970685766073
B390,3441873795,Swimming Kirby,4k,Almamu,complete,60.204824156769874,16.609964633333334,16.4583115,18.204215,mismatch,
B390,3441873795,Swimming Kirby,4k,Portghost,timeout,,,,,not_rendered,
B390,3441873795,Swimming Kirby,4k,Mac renderer (Linux build),complete,64.24969050535908,15.564277308333333,15.4300095,16.738652,mismatch,
B390,3441873795,Swimming Kirby,4k,AnisPaper,complete,107.06174630353999,9.340404341666666,9.2874135,10.331119,mismatch,
B390,3669681034,Atri,1080p,Periodica Wallpaper Engine Renderer,complete,154.32590957119004,6.479793333333333,6.31005,6.7771,comparable,
B390,3669681034,Atri,1080p,WebWallGL 2.1.0,complete,98.63554167883203,10.138333332786958,9.700000002980232,13,comparable,1.5646075131182617
B390,3669681034,Atri,1080p,Almamu,complete,92.50614410198715,10.810092775,10.737935,11.685798,comparable,1.6682774000508247
B390,3669681034,Atri,1080p,Portghost,complete,178.20774845686418,5.611428283333334,5.682719499999999,6.473965,comparable,0.8659887738189183
B390,3669681034,Atri,1080p,Mac renderer (Linux build),complete,97.9724029098447,10.206955941666667,10.170455,11.661493,comparable,1.575197759650771
B390,3669681034,Atri,1080p,AnisPaper,complete,136.3432237688769,7.334431241666667,7.3106705000000005,7.782263,comparable,1.1318927725575612
B390,3669681034,Atri,4k,Periodica Wallpaper Engine Renderer,complete,112.83296302181718,8.862658333333334,8.50225,9.4289,comparable,
B390,3669681034,Atri,4k,WebWallGL 2.1.0,complete,48.93764528524034,20.434166665996113,17.899999998509884,29.5,comparable,2.3056475718059883
B390,3669681034,Atri,4k,Almamu,complete,60.28280287449965,16.588478841666667,16.109834,19.589054,comparable,1.8717272197299717
B390,3669681034,Atri,4k,Portghost,complete,87.41511256825758,11.439669533333333,11.620996,12.44062,comparable,1.2907718094364085
B390,3669681034,Atri,4k,Mac renderer (Linux build),complete,59.17691812829882,16.89848055,16.742143,19.049594,comparable,1.9067056310230468
B390,3669681034,Atri,4k,AnisPaper,complete,101.98209813897927,9.805642541666666,9.7367205,10.549919,comparable,1.1063997023090324
B390,3258032485,Ayanami Rei,1080p,Periodica Wallpaper Engine Renderer,complete,258.7216691687208,3.8651575,3.6945,4.9916,comparable,
B390,3258032485,Ayanami Rei,1080p,WebWallGL 2.1.0,complete,139.48622573448384,7.169166666703919,6.9000000059604645,9.699999995529652,comparable,1.8548187665583922
B390,3258032485,Ayanami Rei,1080p,Almamu,complete,104.46412054205405,9.572664708333333,10.043319499999999,10.943128,comparable,2.476655791732506
B390,3258032485,Ayanami Rei,1080p,Portghost,complete,126.77048812573956,7.888271275,8.147628,9.090701,comparable,2.040866711123673
B390,3258032485,Ayanami Rei,1080p,Mac renderer (Linux build),complete,110.76571857574442,9.028064033333333,9.2535475,10.652188,comparable,2.3357557960660937
B390,3258032485,Ayanami Rei,1080p,AnisPaper,complete,190.43676099824665,5.251087,5.1893530000000005,5.677058,comparable,1.3585699935901705
B390,3258032485,Ayanami Rei,4k,Periodica Wallpaper Engine Renderer,complete,164.69354648338106,6.071883333333333,5.742050000000001,6.663,comparable,
B390,3258032485,Ayanami Rei,4k,WebWallGL 2.1.0,complete,53.16085589125374,18.810833332811793,16.649999998509884,28,comparable,3.0980228538885726
B390,3258032485,Ayanami Rei,4k,Almamu,complete,62.97117245057804,15.880282375,15.749585,18.215011,comparable,2.6153800234962796
B390,3258032485,Ayanami Rei,4k,Portghost,complete,74.98055608905783,13.336790925,13.4131115,14.770197,comparable,2.1964833961456223
B390,3258032485,Ayanami Rei,4k,Mac renderer (Linux build),complete,73.96905290408068,13.519167283333333,13.6675595,15.411054,comparable,2.2265196053942624
B390,3258032485,Ayanami Rei,4k,AnisPaper,complete,163.09557267091972,6.131374283333334,6.0921745000000005,6.848683,comparable,1.0097977755391656
B390,3650475846,Nijika,1080p,Periodica Wallpaper Engine Renderer,complete,78.57307626754577,12.727005833333333,12.488150000000001,13.149,comparable,
B390,3650475846,Nijika,1080p,WebWallGL 2.1.0,complete,53.85996409443794,18.566666666294136,18.100000008940697,21,comparable,1.458840116004829
B390,3650475846,Nijika,1080p,Almamu,complete,62.073882839001584,16.109834833333334,15.9784625,16.964636,comparable,1.2657992810170655
B390,3650475846,Nijika,1080p,Portghost,complete,69.33973017614687,14.421746341666667,14.2081175,15.532053,comparable,1.1331609752149743
B390,3650475846,Nijika,1080p,Mac renderer (Linux build),complete,61.588250522446586,16.236863225,16.105761,17.270786,comparable,1.2757802925236341
B390,3650475846,Nijika,1080p,AnisPaper,complete,68.0240957741039,14.700673175,14.641065,15.233244,comparable,1.1550771145635392
B390,3650475846,Nijika,4k,Periodica Wallpaper Engine Renderer,complete,60.36067009397905,16.567079166666666,16.179850000000002,17.3043,comparable,
B390,3650475846,Nijika,4k,WebWallGL 2.1.0,complete,32.41140881493789,30.853333334252238,28.5,41.80000001192093,comparable,1.8623278746883658
B390,3650475846,Nijika,4k,Almamu,complete,34.702721792857545,28.816183525,28.265906,33.317378,comparable,1.7393641471200794
B390,3650475846,Nijika,4k,Portghost,complete,38.19669557598213,26.18027515,25.8874605,30.115994,comparable,1.580258951298748
B390,3650475846,Nijika,4k,Mac renderer (Linux build),complete,34.60383742796283,28.898529016666668,28.446336000000002,31.78223,comparable,1.7443345761762978
B390,3650475846,Nijika,4k,AnisPaper,complete,55.064844075882064,18.160407366666668,18.013567000000002,19.232679,comparable,1.0961743578316336
B390,3426865175,Frieren — Pagoda of flowers,1080p,Periodica Wallpaper Engine Renderer,complete,124.38677320808414,8.03944,7.828950000000001,8.9142,startup,
B390,3426865175,Frieren — Pagoda of flowers,1080p,WebWallGL 2.1.0,complete,83.2523935068297,12.011666666592161,11.899999991059303,13.600000008940697,startup,
B390,3426865175,Frieren — Pagoda of flowers,1080p,Almamu,complete,57.52482016824414,17.383800541666666,17.101839,22.127972,startup,
B390,3426865175,Frieren — Pagoda of flowers,1080p,Portghost,complete,69.05514069384999,14.481181125,14.553008,19.413857,startup,
B390,3426865175,Frieren — Pagoda of flowers,1080p,Mac renderer (Linux build),complete,63.44626780811233,15.761368391666666,16.549404000000003,18.78941,startup,
B390,3426865175,Frieren — Pagoda of flowers,1080p,AnisPaper,complete,87.06619656637868,11.485513775,11.2461615,12.262693,startup,
B390,3426865175,Frieren — Pagoda of flowers,4k,Periodica Wallpaper Engine Renderer,complete,83.36203534522511,11.995868333333334,11.84015,12.7956,startup,
B390,3426865175,Frieren — Pagoda of flowers,4k,WebWallGL 2.1.0,complete,43.0616858647253,23.22250000014901,23,30.099999994039536,startup,
B390,3426865175,Frieren — Pagoda of flowers,4k,Almamu,complete,48.53239976538565,20.60479195,20.998087499999997,25.144265,startup,
B390,3426865175,Frieren — Pagoda of flowers,4k,Portghost,complete,48.07843594889337,20.799345491666667,21.944499,24.835523,startup,
B390,3426865175,Frieren — Pagoda of flowers,4k,Mac renderer (Linux build),complete,45.1041914716228,22.1708885,22.5308095,27.584772,startup,
B390,3426865175,Frieren — Pagoda of flowers,4k,AnisPaper,complete,84.65648682665417,11.812443883333334,11.501429,12.765197,startup,
B390,3448877775,Alone,1080p,Periodica Wallpaper Engine Renderer,complete,142.71894334700184,7.006778333333333,6.8129,8.0957,comparable,
B390,3448877775,Alone,1080p,WebWallGL 2.1.0,complete,101.31712259575785,9.869999999801317,9.700000002980232,12.599999994039536,mismatch,
B390,3448877775,Alone,1080p,Almamu,complete,78.98577837364648,12.660507,11.411436,16.873894,mismatch,
B390,3448877775,Alone,1080p,Portghost,failed,,,,,not_rendered,
B390,3448877775,Alone,1080p,Mac renderer (Linux build),complete,103.0057079308311,9.708199866666666,9.5579115,10.615402,mismatch,
B390,3448877775,Alone,1080p,AnisPaper,complete,112.35006203099712,8.90075165,8.637205,9.818428,mismatch,
B390,3448877775,Alone,4k,Periodica Wallpaper Engine Renderer,complete,96.35215556633628,10.378595,10.16395,10.8903,comparable,
B390,3448877775,Alone,4k,WebWallGL 2.1.0,complete,54.79952507197601,18.248333332935967,17.899999991059303,20.099999994039536,mismatch,
B390,3448877775,Alone,4k,Almamu,complete,60.65397638967545,16.486965233333333,15.877886499999999,19.012688,mismatch,
B390,3448877775,Alone,4k,Portghost,failed,,,,,not_rendered,
B390,3448877775,Alone,4k,Mac renderer (Linux build),complete,60.94866016631463,16.407251566666666,15.85088,20.356372,mismatch,
B390,3448877775,Alone,4k,AnisPaper,complete,93.02981975284037,10.749241508333334,10.544927,11.736024,mismatch,
B390,3713073223,Lost Landscape 3,1080p,Periodica Wallpaper Engine Renderer,complete,187.28959184915698,5.339325,5.46035,5.9493,comparable,
B390,3713073223,Lost Landscape 3,1080p,WebWallGL 2.1.0,complete,121.56823016808134,8.22583333340784,8,10.200000002980232,comparable,1.5406129676331446
B390,3713073223,Lost Landscape 3,1080p,Almamu,complete,66.61585723499235,15.011440841666667,15.9351445,18.708785,mismatch,
B390,3713073223,Lost Landscape 3,1080p,Portghost,complete,90.87070044760219,11.004647208333333,9.9804745,12.148983,mismatch,
B390,3713073223,Lost Landscape 3,1080p,Mac renderer (Linux build),complete,76.70627038680078,13.036743866666667,13.403879,14.870114,mismatch,
B390,3713073223,Lost Landscape 3,1080p,AnisPaper,complete,86.59195748778238,11.548416608333333,11.638391,13.7272,mismatch,
B390,3713073223,Lost Landscape 3,4k,Periodica Wallpaper Engine Renderer,complete,83.01565433111693,12.045920833333334,12.012799999999999,12.7372,comparable,
B390,3713073223,Lost Landscape 3,4k,WebWallGL 2.1.0,complete,50.394758945322,19.843333333233993,19.049999997019768,28.5,comparable,1.6473073007688834
B390,3713073223,Lost Landscape 3,4k,Almamu,complete,46.27544183638578,21.609734241666665,21.522749,24.021449,mismatch,
B390,3713073223,Lost Landscape 3,4k,Portghost,complete,46.31296549755007,21.592225616666667,21.5541045,24.10265,mismatch,
B390,3713073223,Lost Landscape 3,4k,Mac renderer (Linux build),complete,46.09647010798509,21.693635058333335,21.3499955,23.350273,mismatch,
B390,3713073223,Lost Landscape 3,4k,AnisPaper,complete,79.55237153375899,12.5703355,12.607537,14.778712,mismatch,
B390,3589454154,Saturn,1080p,Periodica Wallpaper Engine Renderer,complete,42.47044189963916,23.5457875,23.8763,28.9572,mismatch,
B390,3589454154,Saturn,1080p,WebWallGL 2.1.0,complete,132.80212484363346,7.529999999453624,7.5,8.599999994039536,mismatch,
B390,3589454154,Saturn,1080p,Almamu,failed,,,,,not_rendered,
B390,3589454154,Saturn,1080p,Portghost,timeout,,,,,not_rendered,
B390,3589454154,Saturn,1080p,Mac renderer (Linux build),failed,,,,,not_rendered,
B390,3589454154,Saturn,1080p,AnisPaper,failed,,,,,not_rendered,
B390,3589454154,Saturn,4k,Periodica Wallpaper Engine Renderer,complete,34.53465686638337,28.956419166666667,30.2994,33.106,mismatch,
B390,3589454154,Saturn,4k,WebWallGL 2.1.0,complete,47.106854048255876,21.228333332886297,21.100000008940697,23,mismatch,
B390,3589454154,Saturn,4k,Almamu,failed,,,,,not_rendered,
B390,3589454154,Saturn,4k,Portghost,timeout,,,,,not_rendered,
B390,3589454154,Saturn,4k,Mac renderer (Linux build),failed,,,,,not_rendered,
B390,3589454154,Saturn,4k,AnisPaper,failed,,,,,not_rendered,
B390,3662790108,Live Solar System,1080p,Periodica Wallpaper Engine Renderer,complete,47.72126771070461,20.9550175,21.003999999999998,22.8252,mismatch,
B390,3662790108,Live Solar System,1080p,WebWallGL 2.1.0,complete,88.75739644089994,11.266666667784254,11.350000001490116,12.700000002980232,mismatch,
B390,3662790108,Live Solar System,1080p,Almamu,failed,,,,,not_rendered,
B390,3662790108,Live Solar System,1080p,Portghost,timeout,,,,,not_rendered,
B390,3662790108,Live Solar System,1080p,Mac renderer (Linux build),failed,,,,,not_rendered,
B390,3662790108,Live Solar System,1080p,AnisPaper,failed,,,,,not_rendered,
B390,3662790108,Live Solar System,4k,Periodica Wallpaper Engine Renderer,complete,35.33893677331182,28.297399166666665,28.52945,31.3391,mismatch,
B390,3662790108,Live Solar System,4k,WebWallGL 2.1.0,complete,39.864460832930426,25.085000000149012,22.450000002980232,31.900000005960464,mismatch,
B390,3662790108,Live Solar System,4k,Almamu,failed,,,,,not_rendered,
B390,3662790108,Live Solar System,4k,Portghost,timeout,,,,,not_rendered,
B390,3662790108,Live Solar System,4k,Mac renderer (Linux build),failed,,,,,not_rendered,
B390,3662790108,Live Solar System,4k,AnisPaper,failed,,,,,not_rendered,
B390,3200802205,Dresden by Moonlight,1080p,Periodica Wallpaper Engine Renderer,complete,425.4539150091987,2.3504308333333332,2.21755,3.0627,comparable,
B390,3200802205,Dresden by Moonlight,1080p,WebWallGL 2.1.0,complete,195.7266351158056,5.109166667113701,5,6,comparable,2.1737149609580233
B390,3200802205,Dresden by Moonlight,1080p,Almamu,complete,164.70823587215313,6.071341816666667,5.9442535,6.970734,comparable,2.583076145259894
B390,3200802205,Dresden by Moonlight,1080p,Portghost,complete,187.4947416513783,5.333482908333333,5.2304115,6.060241,comparable,2.2691511839850635
B390,3200802205,Dresden by Moonlight,1080p,Mac renderer (Linux build),complete,175.5901246077075,5.6950811,5.6346375,6.364319,comparable,2.4229945502898937
B390,3200802205,Dresden by Moonlight,1080p,AnisPaper,complete,308.50715815661886,3.241415875,3.1898014999999997,3.685342,comparable,1.3790730741917172
B390,3200802205,Dresden by Moonlight,4k,Periodica Wallpaper Engine Renderer,complete,208.350478841488,4.799605,4.53825,5.6298,comparable,
B390,3200802205,Dresden by Moonlight,4k,WebWallGL 2.1.0,complete,60.36520951966284,16.56583333276212,14.400000005960464,25.200000002980232,comparable,3.451499307289271
B390,3200802205,Dresden by Moonlight,4k,Almamu,complete,72.63792469013404,13.766913141666667,13.61356,15.50648,comparable,2.8683429452354243
B390,3200802205,Dresden by Moonlight,4k,Portghost,complete,87.99294395141607,11.3645476,11.6915385,12.907643,comparable,2.3678089342768835
B390,3200802205,Dresden by Moonlight,4k,Mac renderer (Linux build),complete,76.46899593713533,13.077195375,13.238057999999999,14.608371,comparable,2.7246399182849426
B390,3200802205,Dresden by Moonlight,4k,AnisPaper,complete,199.07381835023705,5.023262266666666,4.8788730000000005,5.842885,comparable,1.0465990986063785
B390,3572340969,DELTARUNE — Door,1080p,Periodica Wallpaper Engine Renderer,complete,812.4015809334765,1.2309183333333333,1.1611500000000001,1.55,comparable,
B390,3572340969,DELTARUNE — Door,1080p,WebWallGL 2.1.0,complete,299.5506739600462,3.338333333656192,3.3000000044703484,4,comparable,2.712067277945213
B390,3572340969,DELTARUNE — Door,1080p,Almamu,timeout,,,,,not_rendered,
B390,3572340969,DELTARUNE — Door,1080p,Portghost,failed,,,,,not_rendered,
B390,3572340969,DELTARUNE — Door,1080p,Mac renderer (Linux build),timeout,,,,,not_rendered,
B390,3572340969,DELTARUNE — Door,1080p,AnisPaper,timeout,,,,,not_rendered,
B390,3572340969,DELTARUNE — Door,4k,Periodica Wallpaper Engine Renderer,complete,303.92750315957966,3.2902583333333335,3.06785,3.6497,comparable,
B390,3572340969,DELTARUNE — Door,4k,WebWallGL 2.1.0,complete,82.54798101633361,12.114166666318972,11.5,14,comparable,3.6818284277533344
B390,3572340969,DELTARUNE — Door,4k,Almamu,timeout,,,,,not_rendered,
B390,3572340969,DELTARUNE — Door,4k,Portghost,failed,,,,,not_rendered,
B390,3572340969,DELTARUNE — Door,4k,Mac renderer (Linux build),timeout,,,,,not_rendered,
B390,3572340969,DELTARUNE — Door,4k,AnisPaper,timeout,,,,,not_rendered,
B390,3691570025,Cyberpunk 2077 — Night City,1080p,Periodica Wallpaper Engine Renderer,complete,181.42344837595775,5.511966666666667,5.4504,6.0747,comparable,
B390,3691570025,Cyberpunk 2077 — Night City,1080p,WebWallGL 2.1.0,complete,147.89253142607652,6.761666666716337,6.5999999940395355,7.799999997019768,comparable,1.2267248834444457
B390,3691570025,Cyberpunk 2077 — Night City,1080p,Almamu,failed,,,,,not_rendered,
B390,3691570025,Cyberpunk 2077 — Night City,1080p,Portghost,complete,90.892916032675,11.001957508333334,11.48758,13.300072,mismatch,
B390,3691570025,Cyberpunk 2077 — Night City,1080p,Mac renderer (Linux build),failed,,,,,not_rendered,
B390,3691570025,Cyberpunk 2077 — Night City,1080p,AnisPaper,complete,143.95677640205818,6.946529541666667,6.8835535,7.506449,mismatch,
B390,3691570025,Cyberpunk 2077 — Night City,4k,Periodica Wallpaper Engine Renderer,complete,87.66426456841275,11.407156666666667,11.189,12.3339,comparable,
B390,3691570025,Cyberpunk 2077 — Night City,4k,WebWallGL 2.1.0,complete,54.22258370552946,18.44250000019868,17.899999998509884,26.599999994039536,comparable,1.6167481993203692
B390,3691570025,Cyberpunk 2077 — Night City,4k,Almamu,failed,,,,,not_rendered,
B390,3691570025,Cyberpunk 2077 — Night City,4k,Portghost,complete,62.59721931748665,15.975150508333334,16.0504195,17.60997,mismatch,
B390,3691570025,Cyberpunk 2077 — Night City,4k,Mac renderer (Linux build),failed,,,,,not_rendered,
B390,3691570025,Cyberpunk 2077 — Night City,4k,AnisPaper,complete,115.18158358895637,8.681943491666667,8.488300500000001,9.756911,mismatch,
